t,AntennaId,EventCode,PhoneId,x,y,TileId
15,207,0,270,600939.502686,648631.315721,39
16,207,2,270,600939.502686,648631.315721,39
17,207,1,270,600293.621224,649369.468280,222
