t,AntennaId,EventCode,PhoneId,x,y,TileId
19,33,0,280,600554.549634,648743.252808,62
20,33,2,280,600618.130692,648927.299183,117
21,33,1,280,600686.881890,649109.477371,172
29,33,0,242,600555.000255,648815.770787,89
29,33,0,241,600555.000255,648815.770787,89
30,33,2,242,600555.000255,648815.770787,89
30,33,2,241,600555.000255,648815.770787,89
31,33,1,242,601559.302871,649025.904768,153
31,33,1,241,601559.302871,649025.904768,153
