t,AntennaId,EventCode,PhoneId,x,y,TileId
43,93,0,242,601082.441843,648979.780257,122
43,93,0,241,601082.441843,648979.780257,122
44,93,1,242,600996.491407,650002.224659,418
44,93,1,241,600996.491407,650002.224659,418
