t,AntennaId,EventCode,PhoneId,x,y,TileId
40,83,0,270,601014.735105,651455.013695,796
41,83,2,270,601014.735105,651455.013695,796
42,83,1,270,600466.544422,650641.675489,574
