t,AntennaId,EventCode,PhoneId,x,y,TileId
1,64,0,242,600736.867391,649689.335190,307
1,64,0,241,600736.867391,649689.335190,307
2,64,1,242,600008.586770,650412.098893,516
2,64,1,241,600008.586770,650412.098893,516
44,64,0,299,601009.989958,649758.870545,337
45,64,2,299,600872.712269,649690.094972,308
46,64,2,299,600872.712269,649690.094972,308
47,64,2,299,600872.712269,649690.094972,308
48,64,2,299,600872.712269,649690.094972,308
49,64,2,299,600872.712269,649690.094972,308
