t,AntennaId,EventCode,PhoneId,x,y,TileId
1,66,0,299,600319.176858,649061.334547,141
2,66,1,299,600200.989607,649159.349940,167
17,66,0,280,600245.761950,648833.420434,86
18,66,1,280,600369.392220,648682.983817,33
33,66,0,299,600231.532922,648808.331132,86
34,66,2,299,600253.635821,648960.274231,113
35,66,1,299,600236.876706,649112.899181,167
