t,AntennaId,EventCode,PhoneId,x,y,TileId
40,30,0,284,601584.910863,651599.546477,829
40,30,0,283,601584.910863,651599.546477,829
41,30,1,284,601438.125247,651750.520571,881
41,30,1,283,601438.125247,651750.520571,881
