t,AntennaId,EventCode,PhoneId,x,y,TileId
4,177,0,230,601162.302202,652195.845655,986
5,177,1,230,600660.717662,651332.288618,765
6,177,0,230,600971.571311,652281.334357,1011
7,177,2,230,600971.571311,652281.334357,1011
8,177,1,230,600273.755739,652995.737070,1193
