t,AntennaId,EventCode,PhoneId,x,y,TileId
3,47,0,284,601625.469723,650151.753035,451
3,47,0,283,601625.469723,650151.753035,451
4,47,1,284,601474.697887,650298.746395,476
4,47,1,283,601474.697887,650298.746395,476
32,47,0,292,601630.189365,650100.212471,424
32,47,0,291,601630.189365,650100.212471,424
33,47,1,292,601815.435938,650093.521566,426
33,47,1,291,601815.435938,650093.521566,426
