t,AntennaId,EventCode,PhoneId,x,y,TileId
8,105,0,284,600929.818494,650939.285706,660
8,105,0,283,600929.818494,650939.285706,660
9,105,1,284,600785.223056,651092.358740,686
9,105,1,283,600785.223056,651092.358740,686
