t,AntennaId,EventCode,PhoneId,x,y,TileId
0,133,0,241,601462.694847,648964.107958,125
0,133,0,242,601462.694847,648964.107958,125
1,133,1,242,600736.867391,649689.335190,307
1,133,1,241,600736.867391,649689.335190,307
