t,AntennaId,EventCode,PhoneId,x,y,TileId
19,136,0,270,601269.507738,649271.093619,204
20,136,2,270,601269.507738,649271.093619,204
21,136,1,270,600629.498658,650014.343535,414
45,136,0,280,601187.966557,649440.466425,258
46,136,1,280,601374.577343,649496.072482,259
47,136,0,280,601194.298581,649422.484527,258
48,136,2,280,601194.298581,649422.484527,258
49,136,2,280,601194.298581,649422.484527,258
