t,AntennaId,EventCode,PhoneId,x,y,TileId
0,39,0,276,601136.553094,649742.965420,338
1,39,1,276,601026.924381,649883.108971,364
