t,AntennaId,EventCode,PhoneId,x,y,TileId
14,115,0,292,600624.821241,650886.697130,630
14,115,0,291,600624.821241,650886.697130,630
15,115,2,292,600630.247813,650701.409210,576
15,115,2,291,600630.247813,650701.409210,576
16,115,1,292,600815.016906,650686.528241,578
16,115,1,291,600815.016906,650686.528241,578
48,115,0,284,600614.140015,650797.532676,603
48,115,0,283,600614.140015,650797.532676,603
49,115,1,284,600463.509336,650650.394670,574
49,115,1,283,600463.509336,650650.394670,574
