t,AntennaId,EventCode,PhoneId,x,y,TileId
34,143,0,297,600169.945876,652033.558024,949
34,143,0,296,600169.945876,652033.558024,949
35,143,1,297,600030.651665,651928.353400,921
35,143,1,296,600030.651665,651928.353400,921
48,143,0,246,600005.730261,652093.230840,948
48,143,0,245,600005.730261,652093.230840,948
49,143,2,246,600005.730261,652093.230840,948
49,143,2,245,600005.730261,652093.230840,948
