t,AntennaId,EventCode,PhoneId,x,y,TileId
28,81,0,242,601344.727141,649470.836799,259
28,81,0,241,601344.727141,649470.836799,259
29,81,1,242,600555.000255,648815.770787,89
29,81,1,241,600555.000255,648815.770787,89
46,81,0,280,601374.577343,649496.072482,259
47,81,1,280,601194.298581,649422.484527,258
