t,AntennaId,EventCode,PhoneId,x,y,TileId
9,92,0,284,600785.223056,651092.358740,686
9,92,0,283,600785.223056,651092.358740,686
10,92,1,284,600639.327129,651244.192770,738
10,92,1,283,600639.327129,651244.192770,738
47,92,0,284,600740.099631,650966.273215,658
47,92,0,283,600740.099631,650966.273215,658
48,92,1,284,600614.140015,650797.532676,603
48,92,1,283,600614.140015,650797.532676,603
