t,AntennaId,EventCode,PhoneId,x,y,TileId
20,106,0,292,601313.513827,650261.674850,475
20,106,0,291,601313.513827,650261.674850,475
21,106,2,292,601406.029738,650101.045254,422
21,106,2,291,601406.029738,650101.045254,422
22,106,1,292,601542.460446,649975.555323,396
22,106,1,291,601542.460446,649975.555323,396
