t,AntennaId,EventCode,PhoneId,x,y,TileId
4,43,0,270,601457.314435,649817.438046,368
5,43,2,270,601457.314435,649817.438046,368
6,43,1,270,600831.599683,650572.761229,551
