t,AntennaId,EventCode,PhoneId,x,y,TileId
22,55,0,257,601555.485445,651270.085418,747
23,55,1,257,601728.861369,651210.763921,749
