t,AntennaId,EventCode,PhoneId,x,y,TileId
7,13,0,284,601056.522961,650771.103744,607
7,13,0,283,601056.522961,650771.103744,607
8,13,1,284,600929.818494,650939.285706,660
8,13,1,283,600929.818494,650939.285706,660
