t,AntennaId,EventCode,PhoneId,x,y,TileId
4,126,0,268,601159.144747,650051.779337,419
5,126,2,268,601159.144747,650051.779337,419
6,126,1,268,600410.273702,650778.988449,601
19,126,0,292,601133.236234,650304.814745,500
19,126,0,291,601133.236234,650304.814745,500
20,126,1,292,601313.513827,650261.674850,475
20,126,1,291,601313.513827,650261.674850,475
43,126,0,257,601079.886094,650268.369044,473
44,126,1,257,600932.470518,650159.525584,444
