t,AntennaId,EventCode,PhoneId,x,y,TileId
2,176,0,257,600658.073690,652048.784732,954
3,176,2,257,600520.550439,652169.886369,980
4,176,1,257,600377.137792,652283.952418,1005
13,176,0,257,600542.786626,652124.587933,980
14,176,1,257,600685.346454,652009.457805,955
