t,AntennaId,EventCode,PhoneId,x,y,TileId
8,144,0,257,600102.536634,652381.632529,1030
9,144,1,257,600146.523181,652559.518545,1084
