t,AntennaId,EventCode,PhoneId,x,y,TileId
31,209,0,242,601559.302871,649025.904768,153
31,209,0,241,601559.302871,649025.904768,153
32,209,2,242,601559.302871,649025.904768,153
32,209,2,241,601559.302871,649025.904768,153
33,209,2,242,601559.302871,649025.904768,153
33,209,2,241,601559.302871,649025.904768,153
34,209,1,242,601671.593975,650045.792380,424
34,209,1,241,601671.593975,650045.792380,424
