t,AntennaId,EventCode,PhoneId,x,y,TileId
3,82,0,253,600334.801717,649508.319291,276
4,82,1,253,600216.834070,649653.335096,302
48,82,0,257,600408.423071,649650.171309,304
49,82,2,257,600276.674052,649522.811790,275
