t,AntennaId,EventCode,PhoneId,x,y,TileId
14,213,0,253,599821.045903,650050.220257,406
15,213,2,253,599821.045903,650050.220257,406
16,213,2,253,599821.045903,650050.220257,406
17,213,2,253,599821.045903,650050.220257,406
18,213,2,253,599821.045903,650050.220257,406
19,213,2,253,599821.045903,650050.220257,406
20,213,2,253,599821.045903,650050.220257,406
21,213,2,253,599821.045903,650050.220257,406
22,213,2,253,599821.045903,650050.220257,406
23,213,1,253,599990.268186,650129.654307,435
