t,AntennaId,EventCode,PhoneId,x,y,TileId
13,118,0,242,601485.167003,649617.923509,315
13,118,0,241,601485.167003,649617.923509,315
14,118,2,242,601485.167003,649617.923509,315
14,118,2,241,601485.167003,649617.923509,315
15,118,1,242,600690.866696,650267.436447,469
15,118,1,241,600690.866696,650267.436447,469
27,118,0,273,601519.075036,649717.758813,342
28,118,1,273,601857.565471,650434.516774,534
44,118,0,273,601483.560200,649699.530283,315
45,118,1,273,601820.273318,650417.124894,534
