t,AntennaId,EventCode,PhoneId,x,y,TileId
5,58,0,284,601326.463487,650448.298249,529
5,58,0,283,601326.463487,650448.298249,529
6,58,2,284,601197.974211,650615.120610,582
6,58,2,283,601197.974211,650615.120610,582
7,58,1,284,601056.522961,650771.103744,607
7,58,1,283,601056.522961,650771.103744,607
41,58,0,257,601317.044336,650546.789429,556
42,58,2,257,601189.530003,650415.190242,528
43,58,1,257,601079.886094,650268.369044,473
