t,AntennaId,EventCode,PhoneId,x,y,TileId
2,190,0,242,600008.586770,650412.098893,516
2,190,0,241,600008.586770,650412.098893,516
3,190,2,242,600008.586770,650412.098893,516
3,190,2,241,600008.586770,650412.098893,516
4,190,1,242,600131.509695,651430.759772,787
4,190,1,241,600131.509695,651430.759772,787
49,190,0,242,599813.800495,650519.060107,541
49,190,0,241,599813.800495,650519.060107,541
