t,AntennaId,EventCode,PhoneId,x,y,TileId
41,84,0,284,601438.125247,651750.520571,881
41,84,0,283,601438.125247,651750.520571,881
42,84,2,284,601438.125247,651750.520571,881
42,84,2,283,601438.125247,651750.520571,881
43,84,1,284,601290.431723,651600.434538,826
43,84,1,283,601290.431723,651600.434538,826
