t,AntennaId,EventCode,PhoneId,x,y,TileId
5,130,0,257,600242.429502,652408.177728,1058
6,130,1,257,600141.005250,652560.792839,1084
10,130,0,257,600281.161412,652435.217307,1059
11,130,1,257,600206.120396,652268.043455,1004
