t,AntennaId,EventCode,PhoneId,x,y,TileId
0,180,0,257,600901.554282,651774.870814,876
1,180,1,257,600780.251541,651912.216713,929
16,180,0,257,600787.689685,651701.948873,848
17,180,1,257,600817.565795,651521.157089,821
