t,AntennaId,EventCode,PhoneId,x,y,TileId
42,169,0,292,601792.928351,650162.402805,453
42,169,0,291,601792.928351,650162.402805,453
43,169,1,292,601976.283776,650135.165896,454
43,169,1,291,601976.283776,650135.165896,454
