t,AntennaId,EventCode,PhoneId,x,y,TileId
16,37,0,292,600815.016906,650686.528241,578
16,37,0,291,600815.016906,650686.528241,578
17,37,1,292,600977.813885,650597.881726,552
17,37,1,291,600977.813885,650597.881726,552
