t,AntennaId,EventCode,PhoneId,x,y,TileId
1,57,0,284,601958.740413,649895.012895,373
1,57,0,283,601958.740413,649895.012895,373
2,57,1,284,601786.220382,650015.744138,426
2,57,1,283,601786.220382,650015.744138,426
