t,AntennaId,EventCode,PhoneId,x,y,TileId
3,175,0,268,601071.987545,651091.993044,688
4,175,1,268,601159.144747,650051.779337,419
24,175,0,284,601102.607284,651096.277115,689
24,175,0,283,601102.607284,651096.277115,689
25,175,1,284,601292.410189,651187.458536,718
25,175,1,283,601292.410189,651187.458536,718
