t,AntennaId,EventCode,PhoneId,x,y,TileId
25,154,0,270,601406.887453,652061.047688,962
26,154,2,270,601406.887453,652061.047688,962
27,154,1,270,600691.248790,651390.306780,766
