t,AntennaId,EventCode,PhoneId,x,y,TileId
28,122,0,273,601857.565471,650434.516774,534
29,122,2,273,601857.565471,650434.516774,534
30,122,1,273,601251.129995,649924.072102,393
