t,AntennaId,EventCode,PhoneId,x,y,TileId
30,216,0,297,600687.805382,652496.923714,1063
30,216,0,296,600687.805382,652496.923714,1063
31,216,2,297,600558.143826,652380.052969,1034
31,216,2,296,600558.143826,652380.052969,1034
32,216,1,297,600415.729038,652279.112797,1006
32,216,1,296,600415.729038,652279.112797,1006
