t,AntennaId,EventCode,PhoneId,x,y,TileId
20,18,0,257,601294.624885,651491.901199,799
21,18,1,257,601467.363592,651430.749011,800
26,18,0,284,601240.010347,651391.403261,771
26,18,0,283,601240.010347,651391.403261,771
27,18,1,284,601444.182169,651442.911140,800
27,18,1,283,601444.182169,651442.911140,800
