t,AntennaId,EventCode,PhoneId,x,y,TileId
43,157,0,284,601290.431723,651600.434538,826
43,157,0,283,601290.431723,651600.434538,826
44,157,1,284,601161.554204,651433.911928,797
44,157,1,283,601161.554204,651433.911928,797
