t,AntennaId,EventCode,PhoneId,x,y,TileId
16,123,0,242,599963.649069,650991.269685,650
16,123,0,241,599963.649069,650991.269685,650
17,123,2,242,599963.649069,650991.269685,650
17,123,2,241,599963.649069,650991.269685,650
18,123,1,242,600203.682856,649993.690708,383
18,123,1,241,600203.682856,649993.690708,383
