t,AntennaId,EventCode,PhoneId,x,y,TileId
39,141,0,230,601126.877516,653538.780584,1364
40,141,2,230,601126.877516,653538.780584,1364
41,141,1,230,600448.807269,652805.610380,1168
