t,AntennaId,EventCode,PhoneId,x,y,TileId
6,117,0,297,600252.471518,653516.076022,1355
6,117,0,296,600252.471518,653516.076022,1355
7,117,2,297,600252.471518,653516.076022,1355
7,117,2,296,600252.471518,653516.076022,1355
8,117,1,297,600361.369070,653379.649436,1302
8,117,1,296,600361.369070,653379.649436,1302
