t,AntennaId,EventCode,PhoneId,x,y,TileId
6,87,0,299,599799.318152,649623.683818,298
7,87,2,299,599799.318152,649623.683818,298
8,87,1,299,599830.792487,649473.402050,244
34,87,0,273,599940.010452,649601.335628,272
35,87,1,273,600722.831242,649476.799049,253
