t,AntennaId,EventCode,PhoneId,x,y,TileId
6,114,0,270,600831.599683,650572.761229,551
7,114,1,270,600129.089020,651257.239740,733
