t,AntennaId,EventCode,PhoneId,x,y,TileId
20,109,0,242,600053.218578,650014.605814,408
20,109,0,241,600053.218578,650014.605814,408
21,109,1,242,600751.983053,649263.268178,199
21,109,1,241,600751.983053,649263.268178,199
23,109,0,242,600108.646526,650062.579224,409
23,109,0,241,600108.646526,650062.579224,409
24,109,2,242,600108.646526,650062.579224,409
24,109,2,241,600108.646526,650062.579224,409
25,109,1,242,601087.702307,650369.547970,500
25,109,1,241,601087.702307,650369.547970,500
