t,AntennaId,EventCode,PhoneId,x,y,TileId
41,24,0,230,600448.807269,652805.610380,1168
42,24,2,230,600448.807269,652805.610380,1168
43,24,2,230,600448.807269,652805.610380,1168
44,24,2,230,600448.807269,652805.610380,1168
45,24,2,230,600448.807269,652805.610380,1168
46,24,2,230,600448.807269,652805.610380,1168
47,24,2,230,600448.807269,652805.610380,1168
48,24,2,230,600448.807269,652805.610380,1168
49,24,2,230,600448.807269,652805.610380,1168
