t,AntennaId,EventCode,PhoneId,x,y,TileId
1,212,0,273,599767.764248,650111.852675,432
2,212,2,273,599767.764248,650111.852675,432
3,212,1,273,600292.794358,650705.705462,600
