t,AntennaId,EventCode,PhoneId,x,y,TileId
0,101,0,273,600216.462154,649458.409534,248
1,101,1,273,599767.764248,650111.852675,432
3,101,0,299,600098.666177,649273.827706,193
4,101,1,299,599999.643143,649391.171996,219
