t,AntennaId,EventCode,PhoneId,x,y,TileId
3,50,0,280,599966.130508,648880.134212,83
4,50,1,280,600159.609128,648858.187850,85
16,50,0,299,599957.709426,649220.863673,191
17,50,1,299,600036.303770,649088.961541,138
