t,AntennaId,EventCode,PhoneId,x,y,TileId
13,202,0,253,599954.787610,649919.609747,380
14,202,1,253,599821.045903,650050.220257,406
43,202,0,270,599761.927820,649959.365071,378
44,202,2,270,599761.927820,649959.365071,378
45,202,2,270,599761.927820,649959.365071,378
46,202,2,270,599761.927820,649959.365071,378
47,202,2,270,599761.927820,649959.365071,378
48,202,2,270,599761.927820,649959.365071,378
49,202,1,270,600709.804956,650211.478136,469
