t,AntennaId,EventCode,PhoneId,x,y,TileId
4,171,0,284,601474.697887,650298.746395,476
4,171,0,283,601474.697887,650298.746395,476
5,171,1,284,601326.463487,650448.298249,529
5,171,1,283,601326.463487,650448.298249,529
