t,AntennaId,EventCode,PhoneId,x,y,TileId
11,11,0,257,600206.120396,652268.043455,1004
12,11,1,257,600378.321080,652205.392234,1006
