t,AntennaId,EventCode,PhoneId,x,y,TileId
6,54,0,257,600141.005250,652560.792839,1084
7,54,2,257,600141.005250,652560.792839,1084
8,54,1,257,600102.536634,652381.632529,1030
9,54,0,257,600146.523181,652559.518545,1084
10,54,1,257,600281.161412,652435.217307,1059
