t,AntennaId,EventCode,PhoneId,x,y,TileId
11,104,0,292,600484.577948,651059.623610,683
11,104,0,291,600484.577948,651059.623610,683
12,104,1,292,600520.218761,650877.714860,629
12,104,1,291,600520.218761,650877.714860,629
13,104,0,292,600557.309976,651059.333424,683
13,104,0,291,600557.309976,651059.333424,683
14,104,1,292,600624.821241,650886.697130,630
14,104,1,291,600624.821241,650886.697130,630
