t,AntennaId,EventCode,PhoneId,x,y,TileId
22,90,0,284,600995.056948,651143.702946,715
22,90,0,283,600995.056948,651143.702946,715
23,90,1,284,601130.415548,651305.001562,770
23,90,1,283,601130.415548,651305.001562,770
45,90,0,284,601035.620542,651265.152019,742
45,90,0,283,601035.620542,651265.152019,742
46,90,1,284,600878.482666,651124.984682,714
46,90,1,283,600878.482666,651124.984682,714
