t,AntennaId,EventCode,PhoneId,x,y,TileId
10,22,0,292,600328.443771,651159.539474,708
10,22,0,291,600328.443771,651159.539474,708
11,22,1,292,600484.577948,651059.623610,683
11,22,1,291,600484.577948,651059.623610,683
11,22,0,242,600329.104150,651208.479851,735
11,22,0,241,600329.104150,651208.479851,735
12,22,1,242,601144.618700,650585.811357,554
12,22,1,241,601144.618700,650585.811357,554
