t,AntennaId,EventCode,PhoneId,x,y,TileId
44,8,0,257,600932.470518,650159.525584,444
45,8,1,257,600785.796339,650049.685081,416
