t,AntennaId,EventCode,PhoneId,x,y,TileId
21,91,0,270,600629.498658,650014.343535,414
22,91,1,270,599969.599013,650739.991191,596
46,91,0,257,600664.600856,649912.244527,387
47,91,2,257,600537.187988,649780.547101,332
48,91,1,257,600408.423071,649650.171309,304
