t,AntennaId,EventCode,PhoneId,x,y,TileId
10,17,0,230,600786.767062,652138.919009,983
11,17,1,230,600284.643085,653002.162496,1221
