t,AntennaId,EventCode,PhoneId,x,y,TileId
21,7,0,280,600686.881890,649109.477371,172
21,7,0,242,600751.983053,649263.268178,199
21,7,0,241,600751.983053,649263.268178,199
22,7,1,280,600642.241822,649299.010702,198
22,7,2,242,600751.983053,649263.268178,199
22,7,2,241,600751.983053,649263.268178,199
23,7,1,242,600108.646526,650062.579224,409
23,7,1,241,600108.646526,650062.579224,409
