t,AntennaId,EventCode,PhoneId,x,y,TileId
0,63,0,299,600431.357885,648956.498195,115
1,63,1,299,600319.176858,649061.334547,141
