t,AntennaId,EventCode,PhoneId,x,y,TileId
4,140,0,253,600216.834070,649653.335096,302
5,140,1,253,600091.015093,649791.594036,328
