t,AntennaId,EventCode,PhoneId,x,y,TileId
0,227,0,296,600995.281445,652785.571876,1147
0,227,0,297,600995.281445,652785.571876,1147
1,227,1,297,600855.708095,652890.405888,1172
1,227,1,296,600855.708095,652890.405888,1172
26,227,0,297,601014.081847,652904.164437,1201
26,227,0,296,601014.081847,652904.164437,1201
27,227,2,297,601014.081847,652904.164437,1201
27,227,2,296,601014.081847,652904.164437,1201
28,227,1,297,600894.517836,652776.982138,1146
28,227,1,296,600894.517836,652776.982138,1146
