t,AntennaId,EventCode,PhoneId,x,y,TileId
23,214,0,253,599990.268186,650129.654307,435
24,214,1,253,600167.568406,650188.904467,436
