t,AntennaId,EventCode,PhoneId,x,y,TileId
17,193,0,292,600977.813885,650597.881726,552
17,193,0,291,600977.813885,650597.881726,552
18,193,1,292,601128.643571,650490.125209,527
18,193,1,291,601128.643571,650490.125209,527
32,193,0,270,600936.425823,650626.709032,579
33,193,1,270,600182.323101,651253.894129,734
