t,AntennaId,EventCode,PhoneId,x,y,TileId
25,48,0,257,601639.255410,651003.669978,694
26,48,1,257,601800.152556,651091.364672,696
28,48,0,257,601665.791344,650966.764049,667
29,48,1,257,601566.323935,650812.866402,639
