t,AntennaId,EventCode,PhoneId,x,y,TileId
1,89,0,257,600780.251541,651912.216713,929
2,89,1,257,600658.073690,652048.784732,954
15,89,0,257,600817.693220,651882.719553,902
16,89,1,257,600787.689685,651701.948873,848
