t,AntennaId,EventCode,PhoneId,x,y,TileId
7,80,0,270,600129.089020,651257.239740,733
8,80,2,270,600129.089020,651257.239740,733
9,80,1,270,600272.334061,650286.923853,464
33,80,0,270,600182.323101,651253.894129,734
34,80,2,270,600182.323101,651253.894129,734
35,80,2,270,600182.323101,651253.894129,734
36,80,1,270,600748.977566,652054.478153,955
