t,AntennaId,EventCode,PhoneId,x,y,TileId
33,2,0,292,601815.435938,650093.521566,426
33,2,0,291,601815.435938,650093.521566,426
34,2,1,292,601976.982752,650184.426394,454
34,2,1,291,601976.982752,650184.426394,454
