t,AntennaId,EventCode,PhoneId,x,y,TileId
14,98,0,276,600773.502104,650132.389794,442
15,98,1,276,600645.326577,650255.798481,468
45,98,0,257,600785.796339,650049.685081,416
46,98,1,257,600664.600856,649912.244527,387
