t,AntennaId,EventCode,PhoneId,x,y,TileId
14,26,0,257,600685.346454,652009.457805,955
15,26,1,257,600817.693220,651882.719553,902
36,26,0,270,600748.977566,652054.478153,955
37,26,2,270,600748.977566,652054.478153,955
38,26,1,270,600036.768038,651380.097214,759
