t,AntennaId,EventCode,PhoneId,x,y,TileId
18,221,0,242,600203.682856,649993.690708,383
18,221,0,241,600203.682856,649993.690708,383
19,221,1,242,599987.571627,648990.657323,111
19,221,1,241,599987.571627,648990.657323,111
