t,AntennaId,EventCode,PhoneId,x,y,TileId
24,162,0,257,601816.577262,651049.878332,696
25,162,1,257,601639.255410,651003.669978,694
