t,AntennaId,EventCode,PhoneId,x,y,TileId
46,139,0,242,601294.235493,651938.663532,934
46,139,0,241,601294.235493,651938.663532,934
47,139,2,242,601294.235493,651938.663532,934
47,139,2,241,601294.235493,651938.663532,934
48,139,1,242,600531.701836,651252.134250,737
48,139,1,241,600531.701836,651252.134250,737
