t,AntennaId,EventCode,PhoneId,x,y,TileId
26,70,0,242,602094.429551,650171.355414,456
26,70,0,241,602094.429551,650171.355414,456
27,70,2,242,602094.429551,650171.355414,456
27,70,2,241,602094.429551,650171.355414,456
28,70,1,242,601344.727141,649470.836799,259
28,70,1,241,601344.727141,649470.836799,259
