t,AntennaId,EventCode,PhoneId,x,y,TileId
9,187,0,270,600272.334061,650286.923853,464
10,187,1,270,600228.593521,649307.067319,221
34,187,0,253,600171.327708,650254.076033,463
35,187,1,253,600334.105244,650345.996778,492
