t,AntennaId,EventCode,PhoneId,x,y,TileId
15,129,0,276,600645.326577,650255.798481,468
15,129,0,242,600690.866696,650267.436447,469
15,129,0,241,600690.866696,650267.436447,469
16,129,1,276,600533.257962,650393.998681,494
16,129,1,242,599963.649069,650991.269685,650
16,129,1,241,599963.649069,650991.269685,650
49,129,0,270,600709.804956,650211.478136,469
