t,AntennaId,EventCode,PhoneId,x,y,TileId
0,10,0,253,600714.924071,649097.225440,145
1,10,1,253,600598.953909,649243.843553,198
