t,AntennaId,EventCode,PhoneId,x,y,TileId
45,160,0,273,601820.273318,650417.124894,534
46,160,2,273,601820.273318,650417.124894,534
47,160,1,273,601190.319066,649936.006001,393
