t,AntennaId,EventCode,PhoneId,x,y,TileId
25,59,0,284,601292.410189,651187.458536,718
25,59,0,283,601292.410189,651187.458536,718
26,59,1,284,601240.010347,651391.403261,771
26,59,1,283,601240.010347,651391.403261,771
