t,AntennaId,EventCode,PhoneId,x,y,TileId
0,156,0,283,602103.592967,649742.183146,348
0,156,0,284,602103.592967,649742.183146,348
1,156,1,284,601958.740413,649895.012895,373
1,156,1,283,601958.740413,649895.012895,373
