t,AntennaId,EventCode,PhoneId,x,y,TileId
6,199,0,292,599970.876550,651709.309596,866
6,199,0,291,599970.876550,651709.309596,866
7,199,1,292,600014.747555,651529.208524,813
7,199,1,291,600014.747555,651529.208524,813
16,199,0,284,600030.652318,651647.423264,840
16,199,0,283,600030.652318,651647.423264,840
17,199,1,284,600236.827208,651604.631805,842
17,199,1,283,600236.827208,651604.631805,842
