t,AntennaId,EventCode,PhoneId,x,y,TileId
24,226,0,253,600167.568406,650188.904467,436
25,226,2,253,600167.568406,650188.904467,436
26,226,2,253,600167.568406,650188.904467,436
27,226,2,253,600167.568406,650188.904467,436
28,226,2,253,600167.568406,650188.904467,436
29,226,2,253,600167.568406,650188.904467,436
30,226,2,253,600167.568406,650188.904467,436
31,226,2,253,600167.568406,650188.904467,436
32,226,2,253,600167.568406,650188.904467,436
33,226,1,253,599985.686732,650232.090184,462
