t,AntennaId,EventCode,PhoneId,x,y,TileId
33,225,0,253,599985.686732,650232.090184,462
34,225,1,253,600171.327708,650254.076033,463
