t,AntennaId,EventCode,PhoneId,x,y,TileId
0,5,0,280,599917.314726,648764.937245,56
1,5,2,280,599771.940531,648894.482459,81
2,5,2,280,599771.940531,648894.482459,81
3,5,1,280,599966.130508,648880.134212,83
