t,AntennaId,EventCode,PhoneId,x,y,TileId
7,147,0,292,600014.747555,651529.208524,813
7,147,0,291,600014.747555,651529.208524,813
8,147,1,292,600135.900138,651388.912008,760
8,147,1,291,600135.900138,651388.912008,760
