t,AntennaId,EventCode,PhoneId,x,y,TileId
23,135,0,257,601728.861369,651210.763921,749
24,135,1,257,601816.577262,651049.878332,696
26,135,0,257,601800.152556,651091.364672,696
27,135,2,257,601800.152556,651091.364672,696
28,135,1,257,601665.791344,650966.764049,667
