t,AntennaId,EventCode,PhoneId,x,y,TileId
18,219,0,280,600369.392220,648682.983817,33
19,219,1,280,600554.549634,648743.252808,62
