t,AntennaId,EventCode,PhoneId,x,y,TileId
33,25,0,297,600304.961587,652144.200003,978
33,25,0,296,600304.961587,652144.200003,978
34,25,1,297,600169.945876,652033.558024,949
34,25,1,296,600169.945876,652033.558024,949
