t,AntennaId,EventCode,PhoneId,x,y,TileId
3,61,0,270,600657.792821,650385.590535,495
4,61,1,270,601457.314435,649817.438046,368
