t,AntennaId,EventCode,PhoneId,x,y,TileId
30,198,0,273,601251.129995,649924.072102,393
31,198,1,273,600672.480634,649382.331698,225
47,198,0,273,601190.319066,649936.006001,393
48,198,1,273,600623.111447,649382.297353,225
