t,AntennaId,EventCode,PhoneId,x,y,TileId
0,159,0,230,601129.055069,653193.950076,1256
1,159,2,230,601129.055069,653193.950076,1256
2,159,0,297,600752.336562,653031.065819,1225
2,159,0,296,600752.336562,653031.065819,1225
2,159,2,230,601129.055069,653193.950076,1256
3,159,1,297,600632.185614,653157.693777,1251
3,159,1,296,600632.185614,653157.693777,1251
3,159,2,230,601129.055069,653193.950076,1256
4,159,1,230,601162.302202,652195.845655,986
