Origin X,Origin Y,X Tile Dim,Y Tile Dim,No Tiles X,No Tiles Y
599678.000000,648502.000000,100.000000,100.000000,27,52
